samAccountName,MIDepartment,MILocation,Division,Company,StartDate,JobStatus,Jobcode,HRJobTitle,SupervisorID,SupervisorDN,AccountOU,MailAlias,PersonalEmail,SupervisorEmail
M0032752,MA12,MA12,AIR2,MOT,5/15/2023 0:00,FULL,9999,Temporary Worker,426280,"CN=Savorn Cheth,OU=Branches,OU=MIUserAccounts,DC=corp,DC=motion-ind,DC=com","OU=NewEmployee,OU=Maintenance,DC=corp,DC=motion-ind,DC=com",Janibel.Cabrera,Janibel3495@gmail.com,Savorn.Cheth@ai.motion.com
M0032753,TX76,TX76,SHOP,MOT,5/15/2023 0:00,FULL,9999,Temporary Worker,355241,"CN=Eric Staalsen,OU=Branches,OU=MIUserAccounts,DC=corp,DC=motion-ind,DC=com","OU=NewEmployee,OU=Maintenance,DC=corp,DC=motion-ind,DC=com",Denise.Terrones,terronesarline39@gmail.com,Eric.Staalsen@motion.com
M0032754,NY29,NY29,AIR1,MOT,5/15/2023 0:00,FULL,9999,Temporary Worker,456812,"CN=John Arnold,OU=KDGMigrated,OU=Branches,OU=MIUserAccounts,DC=corp,DC=motion-ind,DC=com","OU=NewEmployee,OU=Maintenance,DC=corp,DC=motion-ind,DC=com",Hannah.Marsh,singerhannahmarsh@gmail.com,John.Arnold@ai.motion.com
M0032755,DP20,AL00,CORP,MOT,5/16/2023 0:00,FULL,9999,Temporary Worker,155544,"CN=David Hansen,OU=Corp,OU=MIUserAccounts,DC=corp,DC=motion-ind,DC=com","OU=NewEmployee,OU=Maintenance,DC=corp,DC=motion-ind,DC=com",Tyler.Freeman,tyler.freeman@dematic.com,David.Hansen@motion.com
M0032756,NY39,NY39,DC,MOT,5/15/2023 0:00,FULL,9999,Temporary Worker,456508,"CN=John Ivey,OU=KDGMigrated,OU=Branches,OU=MIUserAccounts,DC=corp,DC=motion-ind,DC=com","OU=NewEmployee,OU=Maintenance,DC=corp,DC=motion-ind,DC=com",Naomi.Beam,beamnay2@gmail.com,John.Ivey@motion.com
M0032746,HR04,DE15,CORP,MOT,5/22/2023 0:00,PT32,5261,INTERN,388936,"CN=Dawn Coulbourn,OU=Branches,OU=MIUserAccounts,DC=corp,DC=motion-ind,DC=com","OU=NewEmployee,OU=Maintenance,DC=corp,DC=motion-ind,DC=com",Joey.Maxwell,19jmaxwell@gmail.com,Dawn.Coulbourn@motion.com
M0032747,HR04,AL01,CORP,MOT,5/15/2023 0:00,PT,5261,INTERN,155090,"CN=Renaldo Smiley,OU=Branches,OU=MIUserAccounts,DC=corp,DC=motion-ind,DC=com","OU=NewEmployee,OU=Maintenance,DC=corp,DC=motion-ind,DC=com",Drew.Rowland,drewvol820@gmail.com,Renaldo.Smiley@motion.com
M0032748,HR04,HY01,CORP,MOT,5/22/2023 0:00,PT32,5261,INTERN,422793,"CN=Kim Reiser,OU=Branches,OU=MIUserAccounts,DC=corp,DC=motion-ind,DC=com","OU=NewEmployee,OU=Maintenance,DC=corp,DC=motion-ind,DC=com",Jason.Cohen,jcohen09@syr.edu,Kim.Reiser@Hydraulic-supply.com
M0032749,NV25,NV25,WER4,MOT,6/1/2023 0:00,FULL,4110,ACCOUNT REP,401955,"CN=Jessy Lawson,OU=Branches,OU=MIUserAccounts,DC=corp,DC=motion-ind,DC=com","OU=NewEmployee,OU=Maintenance,DC=corp,DC=motion-ind,DC=com",Lamon.Bradshaw,lamonbradshaw@gmail.com,Jessy.Lawson@motion.com
M0032750,FL48,AL00,SER5,MOT,5/22/2023 0:00,FULL,5120,EXPEDITOR,341465,"CN=Laura Evans,OU=Corp,OU=MIUserAccounts,DC=corp,DC=motion-ind,DC=com","OU=NewEmployee,OU=Maintenance,DC=corp,DC=motion-ind,DC=com",Christopher.Baugh,iamtru3@gmail.com,Laura.Evans@motion.com
M0032751,HR04,MI30,CORP,MOT,5/17/2023 0:00,PT32,5261,INTERN,152020,"CN=Dave Kennedy,OU=Branches,OU=MIUserAccounts,DC=corp,DC=motion-ind,DC=com","OU=NewEmployee,OU=Maintenance,DC=corp,DC=motion-ind,DC=com",Maddie.Hutchings,mhutchings9@gmail.com,Dave.Kennedy@motion.com
