employeeID,Username,Password,OU,UserPrincipalName,FirstName,LastName,DisplayName,MIDepartment,MILocation,Division,Company,StartDate,JobStatus,Jobcode,HRJobTitle,SupervisorID,SupervisorDN,AccountOU,MailAlias,PersonalEmail,SupervisorEmail
Z01530,M0032752,PassWord123,"OU=MOT,OU=USER,DC=MYLAB,DC=LOCAL",Janibel.Cabrera@corp.motion-ind.com,Janibel,Cabrera,Janibel Cabrera,MA12,MA12,AIR2,MOT,5/15/2023 0:00,FULL,9999,Temporary Worker,426280,"CN=Savorn Cheth,OU=Branches,OU=MIUserAccounts,DC=corp,DC=motion-ind,DC=com","OU=NewEmployee,OU=Maintenance,DC=corp,DC=motion-ind,DC=com",Janibel.Cabrera,Janibel3495@gmail.com,Savorn.Cheth@ai.motion.com
Z01531,M0032753,PassWord123,"OU=MOT,OU=USER,DC=MYLAB,DC=LOCAL",Denise.Terrones@corp.motion-ind.com,Denise,Terrones,Denise Terrones,TX76,TX76,SHOP,MOT,5/15/2023 0:00,FULL,9999,Temporary Worker,355241,"CN=Eric Staalsen,OU=Branches,OU=MIUserAccounts,DC=corp,DC=motion-ind,DC=com","OU=NewEmployee,OU=Maintenance,DC=corp,DC=motion-ind,DC=com",Denise.Terrones,terronesarline39@gmail.com,Eric.Staalsen@motion.com
Z01532,M0032754,PassWord123,"OU=MOT,OU=USER,DC=MYLAB,DC=LOCAL",Hannah.Marsh@corp.motion-ind.com,Hannah,Marsh,Hannah Marsh,NY29,NY29,AIR1,MOT,5/15/2023 0:00,FULL,9999,Temporary Worker,456812,"CN=John Arnold,OU=KDGMigrated,OU=Branches,OU=MIUserAccounts,DC=corp,DC=motion-ind,DC=com","OU=NewEmployee,OU=Maintenance,DC=corp,DC=motion-ind,DC=com",Hannah.Marsh,singerhannahmarsh@gmail.com,John.Arnold@ai.motion.com
Z01533,M0032755,PassWord123,"OU=MOT,OU=USER,DC=MYLAB,DC=LOCAL",Tyler.Freeman@corp.motion-ind.com,Tyler,Freeman,Tyler Freeman,DP20,AL00,CORP,MOT,5/16/2023 0:00,FULL,9999,Temporary Worker,155544,"CN=David Hansen,OU=Corp,OU=MIUserAccounts,DC=corp,DC=motion-ind,DC=com","OU=NewEmployee,OU=Maintenance,DC=corp,DC=motion-ind,DC=com",Tyler.Freeman,tyler.freeman@dematic.com,David.Hansen@motion.com
Z01534,M0032756,PassWord123,"OU=MOT,OU=USER,DC=MYLAB,DC=LOCAL",Naomi.Beam@corp.motion-ind.com,Naomi,Beam,Naomi Beam,NY39,NY39,DC,MOT,5/15/2023 0:00,FULL,9999,Temporary Worker,456508,"CN=John Ivey,OU=KDGMigrated,OU=Branches,OU=MIUserAccounts,DC=corp,DC=motion-ind,DC=com","OU=NewEmployee,OU=Maintenance,DC=corp,DC=motion-ind,DC=com",Naomi.Beam,beamnay2@gmail.com,John.Ivey@motion.com
472065,M0032746,PassWord123,"OU=MOT,OU=USER,DC=MYLAB,DC=LOCAL",Joey.Maxwell@corp.motion-ind.com,Joey,Maxwell,Joey Maxwell,HR04,DE15,CORP,MOT,5/22/2023 0:00,PT32,5261,INTERN,388936,"CN=Dawn Coulbourn,OU=Branches,OU=MIUserAccounts,DC=corp,DC=motion-ind,DC=com","OU=NewEmployee,OU=Maintenance,DC=corp,DC=motion-ind,DC=com",Joey.Maxwell,19jmaxwell@gmail.com,Dawn.Coulbourn@motion.com
472124,M0032747,PassWord123,"OU=MOT,OU=USER,DC=MYLAB,DC=LOCAL",Drew.Rowland@corp.motion-ind.com,Drew,Rowland,Drew Rowland,HR04,AL01,CORP,MOT,5/15/2023 0:00,PT,5261,INTERN,155090,"CN=Renaldo Smiley,OU=Branches,OU=MIUserAccounts,DC=corp,DC=motion-ind,DC=com","OU=NewEmployee,OU=Maintenance,DC=corp,DC=motion-ind,DC=com",Drew.Rowland,drewvol820@gmail.com,Renaldo.Smiley@motion.com
472159,M0032748,PassWord123,"OU=MOT,OU=USER,DC=MYLAB,DC=LOCAL",Jason.Cohen@corp.motion-ind.com,Jason,Cohen,Jason Cohen,HR04,HY01,CORP,MOT,5/22/2023 0:00,PT32,5261,INTERN,422793,"CN=Kim Reiser,OU=Branches,OU=MIUserAccounts,DC=corp,DC=motion-ind,DC=com","OU=NewEmployee,OU=Maintenance,DC=corp,DC=motion-ind,DC=com",Jason.Cohen,jcohen09@syr.edu,Kim.Reiser@Hydraulic-supply.com
472173,M0032749,PassWord123,"OU=MOT,OU=USER,DC=MYLAB,DC=LOCAL",Lamon.Bradshaw@corp.motion-ind.com,Lamon,Bradshaw,Lamon Bradshaw,NV25,NV25,WER4,MOT,6/1/2023 0:00,FULL,4110,ACCOUNT REP,401955,"CN=Jessy Lawson,OU=Branches,OU=MIUserAccounts,DC=corp,DC=motion-ind,DC=com","OU=NewEmployee,OU=Maintenance,DC=corp,DC=motion-ind,DC=com",Lamon.Bradshaw,lamonbradshaw@gmail.com,Jessy.Lawson@motion.com
472176,M0032750,PassWord123,"OU=MOT,OU=USER,DC=MYLAB,DC=LOCAL",Christopher.Baugh@corp.motion-ind.com,Christopher,Baugh,Christopher Baugh,FL48,AL00,SER5,MOT,5/22/2023 0:00,FULL,5120,EXPEDITOR,341465,"CN=Laura Evans,OU=Corp,OU=MIUserAccounts,DC=corp,DC=motion-ind,DC=com","OU=NewEmployee,OU=Maintenance,DC=corp,DC=motion-ind,DC=com",Christopher.Baugh,iamtru3@gmail.com,Laura.Evans@motion.com
472185,M0032751,PassWord123,"OU=MOT,OU=USER,DC=MYLAB,DC=LOCAL",Maddie.Hutchings@corp.motion-ind.com,Maddie,Hutchings,Maddie Hutchings,HR04,MI30,CORP,MOT,5/17/2023 0:00,PT32,5261,INTERN,152020,"CN=Dave Kennedy,OU=Branches,OU=MIUserAccounts,DC=corp,DC=motion-ind,DC=com","OU=NewEmployee,OU=Maintenance,DC=corp,DC=motion-ind,DC=com",Maddie.Hutchings,mhutchings9@gmail.com,Dave.Kennedy@motion.com
